<metadata xml:lang="en"><Esri><CreaDate>20160426</CreaDate><CreaTime>09320800</CreaTime><ArcGISFormat>1.0</ArcGISFormat><ArcGISstyle>FGDC CSDGM Metadata</ArcGISstyle><SyncOnce>FALSE</SyncOnce><DataProperties><itemProps><itemName Sync="TRUE">ky_10k_naip</itemName><nativeExtBox><westBL Sync="TRUE">3790000.000046</westBL><eastBL Sync="TRUE">6020000.000011</eastBL><southBL Sync="TRUE">3340000.000203</southBL><northBL Sync="TRUE">4310000.000160</northBL><exTypeCode Sync="TRUE">1</exTypeCode></nativeExtBox><itemSize Sync="TRUE">0.000</itemSize><itemLocation><linkage Sync="TRUE">file://\\COOP-119-32\C$\tmp\hemp\ky_10k_naip.shp</linkage><protocol Sync="TRUE">Local Area Network</protocol></itemLocation><imsContentType Sync="TRUE" export="True">002</imsContentType></itemProps><coordRef><type Sync="TRUE">Projected</type><geogcsn Sync="TRUE">GCS_North_American_1983</geogcsn><csUnits Sync="TRUE">Linear Unit: Foot_US (0.304801)</csUnits><projcsn Sync="TRUE">NAD_1983_StatePlane_Kentucky_FIPS_1600_Feet</projcsn><peXml Sync="TRUE">&lt;ProjectedCoordinateSystem xsi:type='typens:ProjectedCoordinateSystem' xmlns:xsi='http://www.w3.org/2001/XMLSchema-instance' xmlns:xs='http://www.w3.org/2001/XMLSchema' xmlns:typens='http://www.esri.com/schemas/ArcGIS/2.0.0'&gt;&lt;WKT&gt;PROJCS[&amp;quot;NAD_1983_StatePlane_Kentucky_FIPS_1600_Feet&amp;quot;,GEOGCS[&amp;quot;GCS_North_American_1983&amp;quot;,DATUM[&amp;quot;D_North_American_1983&amp;quot;,SPHEROID[&amp;quot;GRS_1980&amp;quot;,6378137.0,298.257222101]],PRIMEM[&amp;quot;Greenwich&amp;quot;,0.0],UNIT[&amp;quot;Degree&amp;quot;,0.0174532925199433]],PROJECTION[&amp;quot;Lambert_Conformal_Conic&amp;quot;],PARAMETER[&amp;quot;False_Easting&amp;quot;,4921250.0],PARAMETER[&amp;quot;False_Northing&amp;quot;,3280833.333333333],PARAMETER[&amp;quot;Central_Meridian&amp;quot;,-85.75],PARAMETER[&amp;quot;Standard_Parallel_1&amp;quot;,37.08333333333334],PARAMETER[&amp;quot;Standard_Parallel_2&amp;quot;,38.66666666666666],PARAMETER[&amp;quot;Latitude_Of_Origin&amp;quot;,36.33333333333334],UNIT[&amp;quot;Foot_US&amp;quot;,0.3048006096012192],AUTHORITY[&amp;quot;EPSG&amp;quot;,3089]]&lt;/WKT&gt;&lt;XOrigin&gt;-117434800&lt;/XOrigin&gt;&lt;YOrigin&gt;-91579000&lt;/YOrigin&gt;&lt;XYScale&gt;36807330.96050825&lt;/XYScale&gt;&lt;ZOrigin&gt;-100000&lt;/ZOrigin&gt;&lt;ZScale&gt;10000&lt;/ZScale&gt;&lt;MOrigin&gt;-100000&lt;/MOrigin&gt;&lt;MScale&gt;10000&lt;/MScale&gt;&lt;XYTolerance&gt;0.0032808333333333331&lt;/XYTolerance&gt;&lt;ZTolerance&gt;0.001&lt;/ZTolerance&gt;&lt;MTolerance&gt;0.001&lt;/MTolerance&gt;&lt;HighPrecision&gt;true&lt;/HighPrecision&gt;&lt;WKID&gt;102763&lt;/WKID&gt;&lt;LatestWKID&gt;3089&lt;/LatestWKID&gt;&lt;/ProjectedCoordinateSystem&gt;</peXml></coordRef></DataProperties><SyncDate>20190413</SyncDate><SyncTime>23034400</SyncTime><ModDate>20190413</ModDate><ModTime>23034400</ModTime><scaleRange><minScale>150000000</minScale><maxScale>5000</maxScale></scaleRange><ArcGISProfile>FGDC</ArcGISProfile></Esri><eainfo><detailed Name="ky_10k_naip"><enttyp><enttypl Sync="TRUE">ky_10k_naip</enttypl><enttypt Sync="TRUE">Feature Class</enttypt><enttypc Sync="TRUE">0</enttypc></enttyp><attr><attrlabl Sync="TRUE">FID</attrlabl><attalias Sync="TRUE">FID</attalias><attrtype Sync="TRUE">OID</attrtype><attwidth Sync="TRUE">4</attwidth><atprecis Sync="TRUE">0</atprecis><attscale Sync="TRUE">0</attscale><attrdef Sync="TRUE">Internal feature number.</attrdef><attrdefs Sync="TRUE">Esri</attrdefs><attrdomv><udom Sync="TRUE">Sequential unique whole numbers that are automatically generated.</udom></attrdomv></attr><attr><attrlabl Sync="TRUE">Shape</attrlabl><attalias Sync="TRUE">Shape</attalias><attrtype Sync="TRUE">Geometry</attrtype><attwidth Sync="TRUE">0</attwidth><atprecis Sync="TRUE">0</atprecis><attscale Sync="TRUE">0</attscale><attrdef Sync="TRUE">Feature geometry.</attrdef><attrdefs Sync="TRUE">Esri</attrdefs><attrdomv><udom Sync="TRUE">Coordinates defining the features.</udom></attrdomv></attr><attr><attrlabl Sync="TRUE">TileName</attrlabl><attalias Sync="TRUE">TileName</attalias><attrtype Sync="TRUE">String</attrtype><attwidth Sync="TRUE">254</attwidth><atprecis Sync="TRUE">0</atprecis><attscale Sync="TRUE">0</attscale></attr><attr><attrlabl Sync="TRUE">Program</attrlabl><attalias Sync="TRUE">Program</attalias><attrtype Sync="TRUE">String</attrtype><attwidth Sync="TRUE">254</attwidth><atprecis Sync="TRUE">0</atprecis><attscale Sync="TRUE">0</attscale></attr><attr><attrlabl Sync="TRUE">Status</attrlabl><attalias Sync="TRUE">Status</attalias><attrtype Sync="TRUE">String</attrtype><attwidth Sync="TRUE">254</attwidth><atprecis Sync="TRUE">0</atprecis><attscale Sync="TRUE">0</attscale></attr><attr><attrlabl Sync="TRUE">Units</attrlabl><attalias Sync="TRUE">Units</attalias><attrtype Sync="TRUE">String</attrtype><attwidth Sync="TRUE">254</attwidth><atprecis Sync="TRUE">0</atprecis><attscale Sync="TRUE">0</attscale></attr><attr><attrlabl Sync="TRUE">IMGrid</attrlabl><attalias Sync="TRUE">IMGrid</attalias><attrtype Sync="TRUE">String</attrtype><attwidth Sync="TRUE">254</attwidth><atprecis Sync="TRUE">0</atprecis><attscale Sync="TRUE">0</attscale></attr><attr><attrlabl Sync="TRUE">ftppath06</attrlabl><attalias Sync="TRUE">ftppath06</attalias><attrtype Sync="TRUE">String</attrtype><attwidth Sync="TRUE">254</attwidth><atprecis Sync="TRUE">0</atprecis><attscale Sync="TRUE">0</attscale></attr><attr><attrlabl Sync="TRUE">ftppath16</attrlabl><attalias Sync="TRUE">ftppath16</attalias><attrtype Sync="TRUE">String</attrtype><attwidth Sync="TRUE">250</attwidth><atprecis Sync="TRUE">0</atprecis><attscale Sync="TRUE">0</attscale></attr></detailed></eainfo><mdLang><languageCode value="eng"/><countryCode value="USA" Sync="TRUE"/></mdLang><mdChar><CharSetCd value="004"/></mdChar><mdHrLv><ScopeCd value="005"/></mdHrLv><mdStanName>ArcGIS Metadata</mdStanName><mdStanVer>1.0</mdStanVer><dataIdInfo><envirDesc Sync="TRUE">Microsoft Windows 8 Version 6.2 (Build 9200) ; Esri ArcGIS 12.0.1.8933</envirDesc><dataLang><languageCode value="eng" Sync="TRUE"/><countryCode value="USA" Sync="TRUE"/></dataLang><idCitation xmlns=""><resTitle Sync="FALSE">Kentucky 10K NAIP Imagery Tile Index</resTitle><presForm xmlns=""><PresFormCd value="005" Sync="TRUE"/></presForm><date><createDate>2016-04-26T01:00:00</createDate><pubDate>2016-04-26T01:00:00</pubDate><reviseDate>2016-04-26T01:00:00</reviseDate></date><citRespParty xmlns=""><rpIndName>Scott Stepro, GISP </rpIndName><rpOrgName>Kentucky Division of Geographic Information</rpOrgName><rpPosName>GIS Analyst</rpPosName><role><RoleCd value="010"/></role><rpCntInfo xmlns=""><cntAddress addressType="both"><delPoint>669 Chamberlin Drive</delPoint><city>Frankfort</city><adminArea>Kentucky</adminArea><postCode>Kentucky</postCode><eMailAdd>scott.stepro@ky.gov</eMailAdd><country>US</country></cntAddress><cntPhone><voiceNum tddtty="">(502) 564-4022</voiceNum><faxNum>(502) 564-6855 </faxNum></cntPhone><cntHours>M-F 8:00AM - 4:30PM</cntHours><cntOnlineRes xmlns=""><linkage>http://technology.ky.gov/gis/Pages/default.aspx </linkage></cntOnlineRes></rpCntInfo></citRespParty><citRespParty xmlns=""><rpIndName>Scott Stepro, GISP </rpIndName><rpOrgName>Kentucky Division of Geographic Information</rpOrgName><rpPosName>GIS Analyst</rpPosName><role><RoleCd value="006"/></role><rpCntInfo xmlns=""><cntAddress addressType="both"><delPoint>669 Chamberlin Drive</delPoint><eMailAdd>scott.stepro@ky.gov</eMailAdd></cntAddress><cntOnlineRes xmlns=""><linkage>http://technology.ky.gov/gis/Pages/default.aspx </linkage></cntOnlineRes></rpCntInfo><displayName>Scott Stepro, GISP </displayName></citRespParty></idCitation><spatRpType><SpatRepTypCd value="001" Sync="TRUE"/></spatRpType><dataExt xmlns=""><geoEle xmlns=""><GeoBndBox esriExtentType="search"><exTypeCode Sync="TRUE">1</exTypeCode><westBL Sync="TRUE">-89.736303</westBL><eastBL Sync="TRUE">-81.878088</eastBL><northBL Sync="TRUE">39.159562</northBL><southBL Sync="TRUE">36.431797</southBL></GeoBndBox></geoEle></dataExt><idPurp>To allow for access to 2 ft imagery by tile (10k) from the 2006 and 2016 National Agricultural Imagery Program (NAIP) imagery of Kentucky</idPurp><idAbs>&lt;DIV STYLE="text-align:Left;"&gt;&lt;DIV&gt;&lt;DIV&gt;&lt;P STYLE="margin:0 0 14 0;"&gt;&lt;SPAN&gt;&lt;SPAN&gt;This vector dataset contains polygons with hyperlinks accessing 2 foot imagery, by tile, from the 2006 &lt;/SPAN&gt;&lt;/SPAN&gt;&lt;A href="http://www.fsa.usda.gov/programs-and-services/aerial-photography/imagery-programs/naip-imagery/"&gt;&lt;SPAN&gt;&lt;SPAN&gt;National Agricultural Imagery Program (NAIP). &lt;/SPAN&gt;&lt;/SPAN&gt;&lt;/A&gt;&lt;SPAN&gt;&lt;SPAN&gt;These tiles are named to correspond &lt;/SPAN&gt;&lt;/SPAN&gt;&lt;/P&gt;&lt;P STYLE="margin:0 0 0 0;"&gt;&lt;SPAN&gt;&lt;SPAN&gt;This imagery data set consists of 2' pixel resolution, leaf-on natural color orthoimages covering the state of Kentucky from the summer of 2006. An orthoimage is remotely sensed image data in which displacement of features in the image caused by terrain relief and sensor orientation have been reduced to minimize horizontal displacement. Orthoimagery combines the image characteristics of a photograph with the geometric qualities of a map. Each orthoimage provides imagery over a 10,000 by 10,000-foot block on the ground. There is no image overlap between adjacent files. The data is provided in 10,000 ft x 10,000 ft grid blocks rectified to the Kentucky Single Zone SPCS, US Survey Foot, NAD83&lt;/SPAN&gt;&lt;/SPAN&gt;&lt;/P&gt;&lt;P&gt;&lt;SPAN /&gt;&lt;/P&gt;&lt;/DIV&gt;&lt;/DIV&gt;&lt;/DIV&gt;</idAbs><idCredit>NAIP, Kentucky Division of Geographic Information</idCredit><searchKeys><keyword>dgi</keyword><keyword>kentucky</keyword><keyword>ky</keyword><keyword>commonwealth</keyword><keyword>kygeonet</keyword><keyword>kygovmaps</keyword><keyword>kygeoportal</keyword><keyword>NAIP</keyword><keyword>Imagery</keyword><keyword>FSA</keyword><keyword>2006</keyword><keyword>2016</keyword></searchKeys><resConst><Consts><useLimit>&lt;DIV STYLE="text-align:Left;"&gt;&lt;DIV&gt;&lt;DIV&gt;&lt;P&gt;&lt;SPAN&gt;None&lt;/SPAN&gt;&lt;/P&gt;&lt;/DIV&gt;&lt;/DIV&gt;&lt;/DIV&gt;</useLimit></Consts></resConst><dataChar><CharSetCd value="004"/></dataChar><idStatus><ProgCd value="004"/></idStatus><resMaint xmlns=""><maintFreq><MaintFreqCd value="009"/></maintFreq></resMaint><tpCat><TopicCatCd value="003"/></tpCat><tpCat><TopicCatCd value="010"/></tpCat></dataIdInfo><distInfo xmlns=""><distFormat xmlns=""><formatName Sync="TRUE">Shapefile</formatName></distFormat><distTranOps xmlns=""><transSize Sync="TRUE">0.000</transSize><onLineSrc xmlns=""><linkage>ftp://ftp.kymartian.ky.gov/dgi/Kentucky_10k_NAIP.zip</linkage><orFunct><OnFunctCd value="001"/></orFunct></onLineSrc></distTranOps><distributor xmlns=""><distorCont xmlns=""><rpIndName>Scott Stepro, GISP </rpIndName><rpOrgName>Kentucky Division of Geographic Information</rpOrgName><rpPosName>GIS Analyst</rpPosName><role><RoleCd value="005"/></role><rpCntInfo xmlns=""><cntAddress addressType="both"><delPoint>669 Chamberlin Drive</delPoint><city>Frankfort</city><adminArea>Kentucky</adminArea><postCode>Kentucky</postCode><eMailAdd>scott.stepro@ky.gov</eMailAdd><country>US</country></cntAddress><cntPhone><voiceNum tddtty="">(502) 564-4022</voiceNum><faxNum>(502) 564-6855 </faxNum></cntPhone><cntHours>M-F 8:00AM - 4:30PM</cntHours><cntOnlineRes xmlns=""><linkage>http://technology.ky.gov/gis/Pages/default.aspx </linkage></cntOnlineRes></rpCntInfo><displayName>Scott Stepro, GISP </displayName></distorCont></distributor></distInfo><mdHrLvName Sync="TRUE">dataset</mdHrLvName><refSysInfo><RefSystem><refSysID><identCode code="3089" Sync="TRUE"/><idCodeSpace Sync="TRUE">EPSG</idCodeSpace><idVersion Sync="TRUE">6.6(9.2.0)</idVersion></refSysID></RefSystem></refSysInfo><spatRepInfo><VectSpatRep><geometObjs Name="ky_10k_naip"><geoObjTyp><GeoObjTypCd value="002" Sync="TRUE"></GeoObjTypCd></geoObjTyp><geoObjCnt Sync="TRUE">0</geoObjCnt></geometObjs><topLvl><TopoLevCd value="001" Sync="TRUE"></TopoLevCd></topLvl></VectSpatRep></spatRepInfo><spdoinfo><ptvctinf><esriterm Name="ky_10k_naip"><efeatyp Sync="TRUE">Simple</efeatyp><efeageom code="4" Sync="TRUE"></efeageom><esritopo Sync="TRUE">FALSE</esritopo><efeacnt Sync="TRUE">0</efeacnt><spindex Sync="TRUE">FALSE</spindex><linrefer Sync="TRUE">FALSE</linrefer></esriterm></ptvctinf></spdoinfo><mdDateSt Sync="TRUE">20190413</mdDateSt><mdContact xmlns=""><rpIndName>Scott Stepro, GISP </rpIndName><rpOrgName>Kentucky Division of Geographic Information</rpOrgName><rpPosName>GIS Analyst</rpPosName><role><RoleCd value="005"/></role><rpCntInfo xmlns=""><cntAddress addressType="both"><delPoint>669 Chamberlin Drive</delPoint><city>Frankfort</city><adminArea>Kentucky</adminArea><postCode>Kentucky</postCode><eMailAdd>scott.stepro@ky.gov</eMailAdd><country>US</country></cntAddress><cntPhone><voiceNum tddtty="">(502) 564-4022</voiceNum><faxNum>(502) 564-6855 </faxNum></cntPhone><cntHours>M-F 8:00AM - 4:30PM</cntHours><cntOnlineRes><linkage>http://technology.ky.gov/gis/Pages/default.aspx </linkage></cntOnlineRes></rpCntInfo><displayName>Scott Stepro, GISP </displayName></mdContact></metadata>
